text,label,notes
Why is it so wet? And why use Saran Wrap? You’ll want to move it in front of the window or it’ll get even more etoliated and keep stretching across the room for the light.,information_seeking,"contains both clarifying questions and a recommendation, but according to decision rules, this must be labeled information seeking."
"Well done for saving it!

Pop it closer to the window. I can't remember exactly but it's something like 2ft away from the window looses 80% of useable light for plants.

If I'm wrong could people correct me rather than downvoting me please!",recommendation,
See how it’s leaning toward the window. It wants to be right in front of the window. My rule is that all plants have to be right in front of the windows or else have a plant light,explanation,"this comment mixes explanation and experience sharing. here, the main point seems to be the explanation and the experience shared is offered in support of the explanation."
"Yay!! Love a newbie! First, get that plastic off of there, staying wet too long will leave to fungal and bacterial issues and that’s a whole new problem. Use clips or ties to attach it. I do love the moss pole, but it’s gonna be work. Dries out easily and you’re always watering it. I have six different monsteras, my largest is 6ft tall, and I have never used a moss pole. (No offense to anyone who chooses to.)",recommendation,
Looks to be overwatered,explanation,
Yes looks like rot damage,explanation,
"Needs grittier soil, a shallower pot, and to be potted higher up in the pot where the base of the plant is level with the edge of the pot. Only water when the leaves are very curled in on themselves in a u shape. If the leaves are plump they have plenty of water.

Edited: spelling",recommendation,
Wait til after soil is fully dry. Leaves will curl a little when thirsty and look like they could use some plumping,recommendation,
Way overwatered. Aloe is very tolerable to dry conditions. It can go weeks without being watered honestly. I wish i had a before picture of my rescued aloe. I had to remove alot of the rot from the base and then repotted it. Its gotten so big and lush.,explanation,"Mix of explanation and experience sharing, but main point is explanation."
I haven't watered my aloe in months and it is thriving.,experience_sharing,
"Let the soil dry out completely, wait a couple of weeks and then water thoroughly again",recommendation,
It’s overwatered. Water once a month when the soil is super dry not 80% dry. Aloe is a dessert plant.,recommendation,
Planted too deep and/or soil is too organic. You need a ton of grit in the soil,explanation,
"Yes, don't judge watering on the soil. Judge on the state of the foliage.",recommendation,
too much water. i neglect mine and it’s thriving,explanation,
Too. Much. Water. Those plants needs to dry off before being watered. And change the soil mix. You need a more chunky soil,recommendation,"contains explanation and recommendation, but the explanation supports the recommendation."
It needs a lot more sun and a lot less water.,explanation,
Overwatered. Or soil must be retaining too much water for too long. Soil should dry and drain fast.,explanation,
"For context: what you’re seeing is rot. If the leaves were buried into the soil, it’s possible but unlikely just the leaves are rotting from contact with wet soil. More commonly (or if the leaves aren’t in contact with the soil) it means you’ve got very advanced root rot that has spread into the stem and is now working its way up the plant. Anything below the rot line is already toast. You might be able to propagate by removing whatever stem is still viable and rooting that.",explanation,
"Too much water. Whether that's frequency or your soil holding too much I can't say. I had a beautiful aloe, limbs were getting to be over a foot long, I overwatered and had this same thing happen until she just completely fell apart 🫤 I'd make a sandy soil mix, or just buy a cacti/succulent soil mixed premade, and repot her in that.",recommendation,
I wait too long with mine. The leaves at the tips start to get dry and that’s when I know to water. My house is around 70*F so about every 2 months.,experience_sharing,
"Too much water. Way too much. Aloes like it really dry. You could stop watering that plant for 6 months and it would likely be completely fine. You need to stop watering it. I know you love it, but you are killing the plant with kindness. They are a desert plant. They might only get rain a few times a year. Stop watering it for at least 3 months and see if it has improved.",recommendation,"explanation present, but isn't the main goal. the recommendation is the main goal."
I water my aloe like once every three months,experience_sharing,
"ya buried her too deep! Now the bottom leaves that were in the ground are gone, the rest will likely be fine if you watch the water like people say.",explanation,
Add some bark or chunky soil pumice or just a good mix of stuff that lets the water fully drain. I’d take it out drain it roughly with a hose and remix everything in the pot and bark at the base!!! Then leave it for ages before watering again,recommendation,
"Too wet, and it's in a peat-based mix, or something close to it.

Peat and composted ""slash"" forestry products are popular because they're inexpensive, but they hold too much water for cacti and succulents.",explanation,
"oh no those mushy bending aloe leaves are so frustrating, try letting the soil dry out completely until it's bone dry before watering them again, how often are you watering? 🍃",information_seeking,
Do you water from the top of the pot or the bottom? Sometimes the water sitting on top of the dirt can rot the leaves.,information_seeking,
Rotting from too much water,explanation,
A friend of mine did the same by overwatering her aloe.,experience_sharing,
Wrong substrate. It does not drain well.,explanation,
"This is tip burn from minerals in your tap water. Spider plants are notoriously sensitive to fluoride and chlorine, way more than most houseplants, which is why your other plants are fine with the same soil and water. A year of weekly tap water leaves salt deposits in the soil that burn the leaf tips from the inside out.

Switch to filtered water, distilled, or even just tap water that's sat out for 24 hours. Run a good flush through the soil every few weeks to clear the buildup. On the babies, spider plants usually need to be slightly rootbound and get enough bright indirect light before they send out runners. If it's in the corner of the room, it might not be getting quite enough direct light to trigger that.",recommendation,
"My first spider plant was literally a weed growing in a crack on the sidewalk near my house. I “rescued her”, and thought she would love fresh water, real soil and quality fertilizer.

She did not.

lol my baby trash plant is now robust with babies, but I never realized how finicky that trash plant could be.",experience_sharing,
"I only water them with water left out at room temp for over 24hrs. If I use tap water, they get brown tips, and I'm not about to buy distilled water to water them. I ain't rich",experience_sharing,
"Pups will only produce with more light. Brown tips are either mineral build up (most often this) or root rot (less likely, but some of those leaves have the yellowing that makes me think rot not minerals).",explanation,
They are the fastest growing and most robust plants but apparently are huge babies about tap water!,explanation,
I composted mine and it doesn’t turn brown any more. Can’t get any browner than dead.,experience_sharing,
I water with distilled water. Seems to work. Feed it every so often. Move away from that wall heater.,recommendation,
"I use a Zerowater filter for water for my plants, drinking, and for washing my face and hair. It REALLY makes a difference.",experience_sharing,
Distilled water,recommendation,
"your issue isn't the water. 99% of the time, it's not the water. the whole 'mineral sensitivity' is mostly a scapegoat for folks who can't blame themselves for miswatering, so they blame water chemistry. when they themselves know next to nothing about water chemistry, which chemicals/minerals *might* be an issue, or how those chemicals interact w/ OTHER chemicals present. or what's actually in their tap to begin with. they don't bother to even test, but just blame the water. silly humans.

to even begin to blame the water before even knowing what your water chemistry actually is, as some here are doing, is simply foolishness.

my wager is you're not letting the pot dry enough waay inside the soil column. that and mites have been the only two causes i've ever had that verifiably cause brown tipping, and when addressed, have always cleared it up.

i've used tap in nearly every region of the u.s., AND in a small area of the mideast. always kept spider plants. NEVER had an actual water chemistry issue for plants, both terrestrial and aquatic. (including spider plants).

i'll wager that anyone here making chemistry/mineral claims has never once sent their water for a detailed assay (icp analysis) for whatever scapegoat minerals they're trying to blame.

it's the waterer, not the water.",explanation,
Scissors.,recommendation,
"
It needs some sun, a lot actually, and ventilation.",explanation,
"Hmmm, I’m going to have to try my fish stuff for my spider, it doesn’t progress .",experience_sharing,
"I recently found that mine was infested with fungus gnats. So I repotted it with fresh soil, along with every OTHER plant added sticky traps and watered with the mosquito bits 😂 omg I hate these things",experience_sharing,
My pothos were turning yellow and the tips of my spidies were turning brown because of horrid hard water. I use water from a filter pitcher infused with mosquito bits . It seems to be helping with a bonus of keeping gnats at bay.,experience_sharing,
I noticed mine got healthier after adding miracle grow to the water,experience_sharing,
How many times should we water them?,information_seeking,
Unfortunately no but what kind of tree is that? It looks hardcore and very Dr. Seuss.,information_seeking,
"It looks like there was a branch that fell/was cut and its pith died off. That doesn't mean the whole tree's core is rotting.

In this pic it's a different species but you can see when a branch's pith dies why it leaves a hole. (Not my picture)",explanation,
"Is it just woodifying? Looks like these trees get grey as they age, maybe it's accelerated here because of an injury or something? ",explanation,"Phrased as a question, but the writer is actually offering an explanation."
"Either the branch wasn’t pruned properly. Or the tree lost a branch during a storm.

When removing branches, they should not be cut at the main trunk. You need to leave the branch collar intact. That way the open wound will be smaller. Trees don’t heal their wounds, they grow around them.",explanation,
Why is it in a park?,information_seeking,
"that is so stressful to find on your branches but it looks like harmless lichen which is a great sign of clean air so you can safely leave it alone, is it powdery? 🍃",information_seeking,
"Millipede. Typically considered beneficial to help break down decay into healthy soil. They love moist soil. Inside house plants it could be a concern, meaning the soil is staying fairly damp. Otherwise they are harmless.",explanation,
Do they have legs? If yes these are millipedes they eat dead material. These black dots are their poop. They are harmless.,information_seeking,
Either maggots or vine weevil larvae. Harmful as they will start eating the roots of your plant. Completely replace the soil and dispose of the old.,recommendation,
Everyone says they are harmless but in my experience the eat the plants roots at a similar rate to vine weevil larva,experience_sharing,
"It looks more like severe sunburn to me. One night of sitting in water shouldn’t cause them to decline that quickly. It’s possible they can recover, but you should put them in the shade or bring them inside.",recommendation,
"Looks like overwatering/root rot damage, which fits your story. The other thing that might be happening is cold/frost damage. They all look pretty cooked to me 😬 I'm sorry for your loss!

ETA: dig them up and check the roots, also how wet is the soul ATM? Are you in Australia by any chance? I replied that they're cooked and didn't realise you also wrote cooked 😂",information_seeking,
Did you move them from indoor light to direct sunlight outside?,information_seeking,
looks like they got too much sun :(,explanation,
"I agree that they're pretty damaged from overwatering. Also, if they were mine I would have them in much smaller pots. You don't want to exceed the size of the root mass by more than an inch or so.",explanation,
"Is the other plant closer to the window? These really need as much light as possible when they’re indoors - I would immediately move both of them into the best light you have, or get a growlight.

What’s your watering process, when you water it?",information_seeking,
"BOPs need to right beside bright windows. I think out of all my indoor plants, it has the highest light requirement. Sometimes I wonder how they sell them as indoor plants. Try moving it and see if it responds better.",recommendation,
"First thing is I think it needs repotting to a bigger pot. The container where it’s in in the store is usually already too small, I always repot immediately when I get a new plant.

Also in the spring and summer you want to give plant fertilizer every month (when you repot, you don’t need to give it for 3 months though).

Maybe to be on top of the watering, you could get a moisture meter? That works great for me. With all this, my bird of paradise is thriving.",recommendation,
"Two things in conjunction will likely solve it. Pot up and immediately before or immediately after Cut Back. So cut off anything Dead, Dying, Damaged, or Discolored.

",recommendation,
"What kind of light does the succulent get?

It's a very healthy looking succulent that expended a lot of energy into that inflorescence.

Given the height of inflorescence with so few flowers that didn't bloom is not normal.",information_seeking,
Most cacti and succulents need direct light.,explanation,
You can chop that off. It's not going to hurt the plant whether you keep it or get rid of it.,recommendation,
"It's normal. The flowers last a few weeks, maybe. My zebra haworthia blooms every year and after the flowers fade, it is left with an ugly dry stalk. I cut it off and it focuses on its leaves again. ",experience_sharing,
Oh dude these can go for mooonths with this nonsense if they are enjoying their conditions. My older ones usually go on for so long they branch 6 times and start getting in the way so I get bored and chop it off haha.,experience_sharing,
"Yeah something has gone wrong. Is the photo position where you keep it? Because that is too dark.

But also it could be physical damage (a slug having a snack, someone catching it with a cupboard door)",information_seeking,
Why are you watering a succulent 3 times a week?,information_seeking,
"Mine don't do that typically but this is a really long flower stalk, could be that it was reaching for light and the weight became too much that the flower stalk broke. Could be that, combined with a period of over / under watering that made the stalk a bit weaker and more prone to breaking under its own weight. Either way, if it's flowering at all it's a pretty happy Haworthia!

They are technically low light plants but mine will drink up all of the sun I can give them. Definitely feel free to give it lots of bright indirect light. ",explanation,"this comment contains experience sharing, explanation, and recommendation. But the primary purpose is to explain possible causes of the issue."
"easy- flowers are not forever, and 3 times a week?",information_seeking,
"Could it have gotten physically damaged somehow? It's hard to tell, but it looks like there could be a pinch point around where the damage starts. It looks pretty healthy otherwise!",information_seeking,
sometimes haworthia/haworthiopsis just randomly abort flower stalks. the plant looks otherwise healthy. it'll flower again in due time.,explanation,
"Mine always do too, not sure why it happens",experience_sharing,
Because the straw feeding it results in the food going uphill,explanation,
"it’s so heartbreaking when a cute little bloom drops early, sometimes a sudden draft is the culprit so maybe try moving it to a cozier spot 🌿, is it near an open window?",information_seeking,
Because you watered it 28 days ago. Lolol,explanation,
"As a former easy plant user, I’ve now repotted all my plants away from reservoir pots. I know it makes it “easy” because you don’t have to remember to water but it’s super damaging to most plant root systems. Repot into a traditional plant pot with a draining plate and it should improve!",recommendation,
Because it needs water lol,explanation,
"There is something off here. Pothos are quite expressive and will curl up when dry before yellowing.

Yellowing alone is either losing bottom leaves for lack of light, or overwatering.",explanation,
"The soil is dry, and needs to be watered.

When you water, are you letting the water drip out the bottom?

Pothos tend to have larger root systems. It’s sucking up the water quickly. I’d check the soil every week.",information_seeking,
Maybe in the winter you can go 28 days between watering in low light but that’s a longgggg time,explanation,
"It’s best to not water to a timetable.
In winter plants may need less even indoors.
In summer they’ll dry out more quickly.
Give it a good soak and let it drain. To check if it needs watered again feel the top of the compost. If it’s dry to the touch water it.
Leaves do go yellow and die from old age.",recommendation,
It’s thirsty. I keep mine moist and they reward me with massive growth.,experience_sharing,
"Hmm pothos like to let go of their water (draining soil), not sit in it. If the soil is wet all the time, that could lead to root rot.",explanation,
"How long have you owned it/has it been in this spot? When moved to a new area with light differences, leaves may drop while it acclimates to its new environment. Also, please stick your fingers in the soil, if it’s all dry give it a nice drink",information_seeking,
Watch the height and perkiness of the leaves. A pathos will tell you when its thirsty. Its also almost impossible to overwater so err on the side of more water rather than less,recommendation,
"yellowing leaves don't always mean overwatering! severe underwatering will cause this too.

when a pothos goes 28 days without water, it goes into survival mode. it will purposely sacrifice and kill off its oldest leaves (the ones closest to the soil, which are the yellow ones in your photo) to preserve moisture for the growing vines.

also, after a month of drought, your soil has probably become hydrophobic (it repels water like a dry sponge). bottom watering might not even be reaching the roots right now. i’d recommend giving it a massive, thorough top-watering in the sink to fully reset the soil!",explanation,"contains both explanation and recommendation, but the primary goal is to explain how underwatering can cause the same effect the poster is asking about. the majority of the comment is spent explaining.  However, there could be an argument for labeling this recommendation as well, as the explanation does support the commenter's recommendation."
That is a real bad mealy bug infestation.,explanation,
I’d suggest putting it in a dumpster and then adding fire,recommendation,
Skip the qtip and just spray straight rubbing alcohol on them and wipe wipe wipe wipe. Retreat every few days for a month or two ,recommendation,
You need a powerful systemic for something that bad. Otherwise throw it away imo.,recommendation,
"This is such a huge infestation. If you’ve never dealt with them before I’d just toss that plant in the compost.
You could easily repurchase a new one as these guys will cost you so much time and $ in products. They will just keep coming back, and get into other plants around",recommendation,
Put isopropyl alcohol on a Q-tip and dab each of the white blobs with it. Spray a diluted solution of isopropyl and water (70% at like half strength) and mist the whole plant. I would recommend not doing this during the day so you can mitigate the risk of burn to the plant. You'll need to be vigilant for at least a few weeks. Check all of the crevices.,recommendation,
"The eggs are in the soil. You need to soak the whole thing, including soi,l in a mix of 70% alcohol, dish soap and water.",recommendation,
Burn it,recommendation,
Fire,recommendation,
Burn it!,recommendation,
"Spray it down with a garden hose everyday for a week. That should get rid of them.

Spray into the crotch of leaves. They like to live there.",recommendation,
"I think bonide sells some dinotefuran granules. It is a very good systemic insecticide, so you won't need to do any spraying. It takes time for the plant to absorb it, but it'll make it toxic to their feeding and they'll die off",explanation,
"I had a similar problem. First isolate it from everything in your household. Take it to the yard, take out all the soil, put the soil in a plastic bag and pour it in a compost or away from your house.
Wash the roots and plant with water slowly, try to rub your fingers through every single leaf. Then with a q-tip rub Alcohol (pharmacy grade), on every corner of the leaves… re-soil. In 3-4 days, Do the alcohol rub. And keep doing it until you don’t see it…
My plant survived. Hope yours does too",recommendation,
I wouldn’t bother trying to save it and risking my other plants wellbeing.,recommendation,
"those crispy brown tips are so sad to see but corn plants are just super sensitive to tap water, try letting your water sit out overnight before using it. are you using tap? 🌿",information_seeking,
Use Brunnings White Oil or similar product,recommendation,
ake it outside spray it with an insecticide and water in a systemic insecticide and leave it outside till it's gone,recommendation,
"
I’ll be honest, throw it away.

Even a small infestation is a pain in the ass to deal with. I recently had one, and I’m still proper annoyed. Heck, I sprayed a small jade plant with rubbing alcohol, then let it soak in a bowl of warm water with Dawn, and rubbing alcohol. I quarantined the plant, then two days later I found a small mealie bug on one of the leaves. HOW?? I threw away a bunch of props. I cut this jade to free it from its roots, soaked it again, and will be repotting (we’ll see if it lives 🤦🏻‍♀️). I checked all my plants. Cleaned everything. Threw away all the soil the plants got near.

Mealies move in such random ways. So far there’s none on the plants right next to the jade and props. But, there were two small mealies on one of my alocasia props, on a shelf above the jade 🤷🏻‍♀️",experience_sharing,
Possibly powdery mildew. Could hang sulphur paper from the leaves but sad to say I’d start again and add vermiculite to your soil to manage moisture.,recommendation,
"This could be a bit unpopular but if you want to recover the plant, you could do a few rounds - remove, monitor (and remove), remove again (because it's hard to remove everything the first time) and then apply a preventative:

take several large size alcohol wipes (not the small dabby kind but the hankerchief sized ones), wipe off all the white stuff you see. Wipe down the stems top to bottom, the tops and bottoms of every leaf, do several once-overs. You need isopropyl because water may make removal harder (they stick).

you can also try spraying down with mild soapy water (one or two drops of dishwasher liquid to 400ml of water), then use a rag and wipe all of it off. This is probably the tedious part but based on the plant size, it's still doable. The part that takes the most time is finding the hidden white crap, which is probably stuck all over.

would recommend that you then come back to this plant a few hours later and check again, and again for the next few days. Just wipe down every time. Some may come back too, just keep wiping/removing. There are different stages to a mealybug life cycle, so you may not have completely gotten everything on day 1. Certain stages aren't as destroyable by soap sprays and so on.

After a few rounds of this, you could also do an insecticide soak of the soil (look up recommendations for any brand that works for mealy bugs), and then spray the leaves too.

Keep monitoring and wiping down/ removing.

Apply to other infected plants.

Other things to look out for:

- often times, its the ants that bring mealybugs and stick them on plants. if you want to, locate and remove ants on the plants, use borax traps etc. Because they will keep trying to bring the mealybugs back - if they successfully achieved such a big infestation the first time, this is their big score, so it takes repeated work to remove.

- it's really whether or not you want to invest the time, and even then a successful result doesn't mean they won't come back. This might be a higher level of attention that you're not used to giving to just one plant. So if you have a lot of plants or not a lot of time, that's why people are saying to throw it away.",recommendation,
A cleansing fire extinguished by holy water might do,recommendation,
"the remedy is called fire, so what you’re gonna do, is pour alcohol on it, then light a lighter on one of the leaves with said alcohol, throw the plant into a brick container, and leave it there until its ash.",recommendation,
"Isolate affected plants immediately, and drown the crap out of them. Search reddit for Mealie bugs.",recommendation,
"Mealybugs!

I actually think these are one of the easier pests to deal with - and easier to see so more satisfying to kill 😅

And you can better gauge your progress / feel good when they are eradicated. Plus treating for these will take care of any mite / help be preventive for thrip issues you might have starting that you can’t see yet.

It just takes some dedicated attention from you for an afternoon (or a few afternoons depending on how many plants and how much time you can spend treating every leaf individually).

Disposable gloves, roll of paper towels, couple bottles of 70% isopropyl alcohol (or a big jug of it if you have it!), water, and garbage bag (or gallon bag that you seal and then throw in garbage bag and seal).

You will be rubbing down every single leaf, top and bottom, nooks and crannies (add q-tips if/where needed) of your infested plants with paper towels soaked in the isopropyl alcohol and water - I’ve seen different ratios recommended, I’ve seen people do straight alcohol. You know your plants best so can test out what works on a leaf and adjust as needed to dilute with more water or to use a stronger amount of alcohol.

Keep switching up to fresh paper towels doused with alcohol and discard the used paper towels between every few leaves. Seal away mealy bug wiped paper towels in gallon bags or trash bags. The alcohol should kill them but you could be wiping off microscopic eggs for any houseplant pests that survive too so that’s why you’re sealing them away!

You can also use castille soap in water mix if you don’t have alcohol on hand or fear alcohol will be too much for all your plants.

Always switch to new paper towels and change gloves entirely between plants.

And make sure to do this somewhere away from windows in your home or outside in the shade where the leaves of your plants are not going to have sun shining on them while you are treating them!

Then a weekly follow up to make sure you’ve got them all and a new infestation can’t break out because of a missed couple of eggs.

Captain Jack’s Spinosad 0.005% spray is also good - just make sure to do it out of the sun, drench the underside of the leaves, and if you have a higher concentration in the bottle you buy triple check and ensure that you are diluting it (I have seen some horror stories here - plants people hit with 0.05% or even in one case 0.5% and that poor person’s plant leaves looked like they’d been transformed into the surface of the moon)",recommendation,
"You are not doing anything wrong. While I do love a tradascantia plant, they are tricky to keep in pots because, in nature, they are a ground cover type of plant and they spread horizontally. They are not really conducive to being held in a pot unless you are constantly pruning and shaping. You can prune off the long stems and plant them right back into the pot to make it look full. This plant is very forgiving and responds really well to pruning.",explanation,
I have these. Not enough sun. They really need it. Also if the plant is old its natural for them. Just cut the bad leaves.,recommendation,"contains experience sharing and explanation, but they serve as support for the recommendation. So final label is recommendation."
"oh i feel this so much, my first monstera looked like this before i realized she wanted way more light 🍃 try moving her right by a window, does that pot have drainage?",information_seeking,
Mine seems to be doing fine in a spot where the sun hits her all day long,experience_sharing,
"oh i totally feel you on the sentimental pressure, dracaenas are tough though and usually just hate tap water so try using filtered water for a bit. does your pot have good drainage? 🌿",information_seeking,
You 100% have thrips.,explanation,
!thrips,explanation,
"
Not-so-fun fact: thrips can fly",explanation,
"Thrips!!!! I just had them on some of my plants. I won’t lie, I caught it much earlier than you did so what I did might not work, but here’s how I treated mine.

I washed & repotted all affected or suspected plants and any plants that were nearby or in contact with any infected or suspected specimens. I used the neem oil fungicide spray you can get from stores (in the US at least) as a first defense but didn’t feel like it did anything. About a week later I applied beneficial mites (sf nematodes and swirskii) to all plants in my collection. These worked tremendously well and I had a lot of fun watching the mites patrol the plants. They gave me a lot of mental security too lol.

I’m thrip free at this point and all my plants have recovered. I highly recommend beneficials but a lot of ppl on here prefer systemic pesticides. You do have to choose one or the other (systemics kill the beneficials) and that will depend on your set up and what you are comfortable with :)",experience_sharing,
Define plenty of rain - she looks dry as heck and containers often need 2x as much water as you think because they dry out,explanation,
"After a transplant they will need extra water. This looks very dry. You need to give it a full gallon or let it soak in water. I have tons of currant, raspberry, hazelnut, blackberries we transplant and moisture is a big deal.",recommendation,
"It would do better in the ground if you have somewhere to plant it.
Also, some varieties are early finishers while some go until fall. Do you know what kind of blackberry bush it is.
I’m is SE Louisiana and all of our wild ones are basically done for the season, but my thornless is still producing. Though it’s a planted not potted",explanation,"this comment contains information seeking, explanation, and experience sharing. However, the intended purpose of the experience sharing seems to be to support the explanation, that the variety of blueberry affects when they finish. The question ""do you know what kind of blackberry bush it is"" is asked, but the commenter doesn't seem to really want the answer. They just want the commenter to be aware that this can be a factor.  Therefore, the label I selected is explanation."
"I'm just an amateur, but my guess would be mold. Get that soil dried out. I have a fan on my soil to expedite the process. I live in Washington and deal with very similar problems often.",recommendation,
"The fungus is not harmful.

Are you checking the soil for moisture before you decide to water?

How long does it take the soil to dry out?

These guys hate for their roots to remain moist.",information_seeking,
The most common reason for Ficus elastica to drop leaves is lack of light.,explanation,
"This looks like mealy bugs! Nasty pest.
Best way for me is I take a q-tip and rubbing alcohol and spot treat. Check every few days. Also, immediately isolate the plant and check all the other plants too!",recommendation,
"Why did you decide to repot?

And are you positive the leaves were scorching or did it perhaps have something to do with being repotted?",information_seeking,
"It’s etiolated and needs more light, but I have a few plants where the leaves look like this when it has just been watered and the leaves are firm and full of water. I might be wrong ",explanation,
I wouldn’t say it’s dying. It looks like the flowers are just dying off. Flowers dying off is a natural part of the flower cycle. Besides the flowers is there something else making you think it’s not doing well?,information_seeking,
"Give him a stern lecture. If he doesn't listen, you'll need to do what I started to do. Carry your cat around with you in a baby carrier at all times.",recommendation,
"Nothing, that's his plant now",recommendation,
Just put a box beside it,recommendation,
"If you want natural solutions, pinecones are prickly and keep them away (and really cheap). They also dont love citric smells, so spent orange or lemon peels should also help (put in a tray not to alter soil pH). And some pinecones make this smell when fresh, so a mix of both should help wonders",recommendation,
"You can put different things in the pot to discourage your cat climbing inside. Some suggestions include:

foil laid over the soil

tape sticky side up

pine cones

Basically things that cats generally don't enjoy walking on.",recommendation,
"I would recommend to get some plants for your cat.

Mine loves cardamom the most.",recommendation,
"Spider plants are great cat sacrifice plants, most cats love them. They can produce and effect similar to catnip.",explanation,
"Your cat is a plant lover like yourself. Look at him, staring in awe at this majestic plant.

Give the cat some own edible plants like cat grass. Cats really like that.",recommendation,
Nothing. The plant has clearly accepted the cat as one of its own.,recommendation,
"What a bulky hulky snake plant! That’s a beast!

Short answer is, you can’t. Cats either obsess over plants or pay them no mind. Yours likes the plants. Henceforth, it will be an ongoing battle of Will. Good luck, you’re prob gonna lose lol! Just try to keep em in diff rooms.",recommendation,
"be careful she doesn’t eat it, they’re can be very harmful for them if ingested too much",recommendation,
i’ve seen people stick plastic forks with the prongs facing upwards in the soil to discourage laying in pots,recommendation,
"Shiny side up smooth foil. Fresh lemon slices.

They don’t usually appreciate either of those things and it will discourage him/her …. Eventually. Maybe. It does work. But cat, so sometimes it doesn’t.",recommendation,
"very toxic to cats and dogs so i’d definitely move that if i were you, it tolerates low light more than most so definitely take advantage of that and keep your pet safe",recommendation,
"
Keep it off the floor if possible",recommendation,
Got a kitten trying to do something similar. weave aluminum foil over the soil. cats don't like it. should quickly teach themotherwise. also spray bottle with water as a gentle reminder to get out,recommendation,
"Get more plants for your cat to enjoy. Share your space with them. Cats are barely domesticated and indoor cats, while healthier and safer, also don't get to spend as much time around plants.",recommendation,
"Sorry nothing can done except keep taking pictures!

(Remove it and place in a different area you kitty can't get too? Get you kitty their own garden of cat friendly plants like catnip , lemon grass, cat grasses like barely, oat grass , wheat grass, parsley is OK, rosemary is okay . There are more I cant remember)",recommendation,
"Get a catnip plant, redirect hostility.",recommendation,
Unfortunately if you’re going to have pets you should not under any circumstances have plants that are harmful to animals. Google which ones are poisonous and give them away or sell them.,recommendation,
I have pet grass that I sacrifice to my beasts. They leave my plants alone now. You could put some tin foil around the rim of the pot for a while to teach him to stay out.,recommendation,
"I can only keep my cat of of my plants if I give her something to distract her. When she was a kitten she would dig through my plants at night, until I bought her enough toys to entertain her all night (now she thankfully sleeps at night). She would munch on my monstera until I bought cat wheat for her to eat, etc. So my advice would be to buy something that will get your cat out of the plant, maybe a cat bed that the cat knows it can lay in all the time without any consequences. Good luck",experience_sharing,
"Circles of tape around the entire pot. They get stuck and don’t like it. After what seems like forever , they will hopefully move on.",recommendation,
Pine cones or tin foil always help me!,experience_sharing,
"My cats hate aluminum foil, you could roll up and scrunch some up in the pit. Not really pretty but will stop them and maybe can remove then.",recommendation,
"Holy hell that's an impressive snake plant!

Does the cat have any textures or materials (s)he hates? If yes, try putting that on soil. Mine, for example, hates the sound of plastic bags so if i had your problem i'd wrap a bag around the plants so it covers the soil and she'd stay away.

Edit: you could also stick some skewers in there without damaging the plant",recommendation,"Commenter asks a question, but isn't really expecting an answer. It's just to get the poster to think about textures their cat might hate."
"Beautiful photo beautiful plant beautiful cat. I have felt your pain. Tin foil resolved my issue.

Crumple up some tinfoil loosely and stick it in the plant pot. Don’t have to wedge it in there tight... just sort of crinkle-wrap it around the base of your plant stems and leave it in there, set on the top of the soil. My cat hate tinfoil. This immediately stopped them digging in the plant pots I didn’t want them in.",recommendation,"Commenter shares their experience, but they're using it to support their recommendation. Primarily, the commenter is telling the poster what to do."
Get plants for your cat. I have 2 boxes I rotate through so there is always fresh grass for them to eat. Otherwise one lets me know he knows which plants are pet safe.,experience_sharing,
"I covered the plant soil with a cheese cloth that i routinely keep moist, the cat hated getting wet, and the plant is always having a spa day.",experience_sharing,
"The only way to make sure it never goes in, is to try to train it TO go in. They’ll stay out just to spite you lol",explanation,
Throw some empty Amazon boxes out there.,recommendation,
I dunno that plant looks super fun to play in. Try wrapping tinfoil around the bottom for awhile. Or spray him with water when he touches it.,recommendation,
"Pine cones packed into the free space. Lets air and water circulate, but they don't like them.

Nice plant, btw.",recommendation,
"Its It's a lost cause, the adorable cat has claimed the majestic plant, you are no longer in charge of the situation (if as a cat owner you ever were..lol)",explanation,
put coffee grounds in the pot. it's good for the plant and cats don't like the bitter taste when they clean themselves after being in the pot. might take some days until the cat learns where the bad taste comes from,recommendation,
Get a big flower pot drip Trey and plant grass in it to sit in instead,recommendation,
Get him his own cat-safe plant that he can beat up and gnaw on. Preferably one with dangly stems and leaves. Make him his own little area with his dangly plant and some cat grass.,recommendation,
"I read if you want to keep a plant in a place with less light, get two and swap them out every two weeks or so so they both get some light and some time in the place you can enjoy them!",explanation,
I live in Northern California and I have mine indoors right up against an East facing window. my pots small but they’ve got a great deep purple color :),experience_sharing,
What zone?,information_seeking,
"I have some of these too and love them! Thanks for posting the experiment, very interesting and useful!

I live in UK and while the mild sun could still do its part I'm wondering if the colder temperature could effect it (not to mention the months of wet)...

Someone with experience on keeping them outside in colder/wetter temperature?

once again, thanks for your post!",information_seeking,
I love growing plants and anytime someone asks me for advice on their indoor plants the first thing I usually say is that plants prefer being outside. Outside is where they naturally thrive. The best way to have beautiful houseplants is rotating plants outside to inside.,explanation,
Don't forget them in a thunderstorm!! embarrassed laugh,recommendation,
My outdoor oxalis love their bright indirect light!,experience_sharing,
"Where do you live?

Mine loves the sun but like I have to keep turning her or she gets super lobsided! Would love some outdoor sun, but I am unsure if where I am would be suitable?",information_seeking,
What light meter do you have? And do you recommend it?,information_seeking,
My indoor one just got moved outside last week. Looks like he prefers it too. Wonder if it will live through winter? Zone 8?,information_seeking,
"Give them full spectrum light, they’ll bloom just like their outdoor buddies",recommendation,
Your pots are so my style! Where are they from?!,information_seeking,
They really thrive in a lot of sun. I put mine outside until just a bit during winter. When I had it inside all the time it really suffered.,experience_sharing,
I keep mine indoors-I have it planted in a Wallygrow higher up on a south-eastern facing window and it's purple as can be! I've got several sets of flowers on it this year too-hoping to gather seed. I think they fare okay inside as long as you can get those foot candles. Lucky to be in California though! I have so many I wish I could keep outside but I'm in SWPA and summer is the only time for that unfortunately.,experience_sharing,
"What a difference. Interestingly, your inside oxalis closely resembles the oxalis I had outside briefly. He fried up from too much sun. Wish I could keep them outside like yours, the color is so vibrant.",experience_sharing,
"Mine look like regular clovers rn. How much light does yours get?

Edit: Im an idiot who cannot read, thank you for posting",information_seeking,
Does anyone have advice on having a purple oxalis in Florida? It just doesn’t seem to be thriving at all,information_seeking,
"I have an indoor oaxalis and fertilize it with flowering plant food every 3 weeks. It looks about the same as your outdoor plant, maybe a bit bigger. I got it in November.",experience_sharing,
I have to pull these and their green colored cousins out of my yard CONSTANTLY. They grow like weeds here. Literally. And they grow so fast!,experience_sharing,
"For the outside one, did it get full sun, partial, what? My indoor oxalis is leggy and I have been considering moving it outside :) thanks for your thoughts",information_seeking,
How do you slowly acclimate it?,information_seeking,
Why are mine green and have purple undersides? 🤔,information_seeking,
This is one of my favorite plants in my collection! He’s someone healthy inside. I’m in the process of ahem cough cough rearranging my entire bedroom to make more space to get more plants in better sun.,experience_sharing,
Give that left boy a growlight,recommendation,
"I had mine indoors for a while, never filled up the pot it was in, I decided to place it outdoors, like you, and it just exploded with growth and is constantly blooming now! Makes me sad I can’t have it inside, I love the purple so much! 💜",experience_sharing,
"Does anyone know how high of Temps or how much direct light an oxalis can take? Mine has been struggling indoors ever since I moved to Phoenix, but I'm scare to put it outside. Even in the shade, the Temps are still hot... And I worry shade might be less light than an indoor window.",information_seeking,
"Mine likes TONS of light, it's on the windowsill of a south facing window with about 6 hours of direct light. It's very happy and has more blooms than leaves at this point.",experience_sharing,